duration_hours,external_count,replications,mean_response_min_mean,mean_response_min_ci95_low,mean_response_min_ci95_high,cumulative_response_gain_min_mean,cumulative_response_gain_min_ci95_low,cumulative_response_gain_min_ci95_high,marginal_response_gain_min_mean,marginal_response_gain_min_ci95_low,marginal_response_gain_min_ci95_high,total_delay_penalty_yuan_mean,total_delay_penalty_yuan_ci95_low,total_delay_penalty_yuan_ci95_high,avoided_penalty_yuan_mean,avoided_penalty_yuan_ci95_low,avoided_penalty_yuan_ci95_high,avoided_penalty_per_vehicle_yuan_mean,avoided_penalty_per_vehicle_yuan_ci95_low,avoided_penalty_per_vehicle_yuan_ci95_high,marginal_break_even_cost_yuan_mean,marginal_break_even_cost_yuan_ci95_low,marginal_break_even_cost_yuan_ci95_high,external_dispatches_mean,external_dispatches_ci95_low,external_dispatches_ci95_high,incident_zone_scenarios
0.5,0,10,6.15998233463833,4.103187253087732,8.216777416188927,0.0,0.0,0.0,,,,4331.204314514178,-219.90982073508258,8882.31844976344,0.0,0.0,0.0,,,,,,,0.0,0.0,0.0,10
0.5,1,10,5.430447797763747,3.9083470324510925,6.952548563076401,0.7295345368745826,0.1332361795987278,1.3258328941504374,0.7295345368745826,0.1332361795987278,1.3258328941504374,3137.0080324521846,-78.02092990517758,6352.036994809547,1194.196282061994,-163.68164478810036,2552.0742089120886,1194.196282061994,-163.68164478810036,2552.0742089120886,1194.196282061994,-163.68164478810036,2552.0742089120886,0.8400000000000001,0.6577750066827536,1.0222249933172465,10
0.5,2,10,5.0051479100547684,3.863603684766404,6.146692135343133,1.1548344245835616,0.1403913798827392,2.169277469284384,0.4252998877089788,-0.0028279901176453404,0.853427765535603,2337.8250970555564,31.657136327898115,4643.993057783215,1993.379217458622,-316.00344836793056,4302.761883285175,996.689608729311,-158.00172418396528,2151.3809416425875,799.1829353966284,-155.59740725618553,1753.9632780494424,1.4600000000000002,1.0345112821319424,1.885488717868058,10
0.5,3,10,4.797689105798386,3.872985744911845,5.722392466684927,1.362293228839944,0.09136159569606406,2.633224861983824,0.20745880425638238,-0.08603061482503219,0.500948223337797,1928.9511619480388,189.20839839407313,3668.6939255020043,2402.2531525661398,-464.7570338171431,5269.263338949422,800.7510508553798,-154.9190112723811,1756.4211129831408,408.87393510751724,-219.25726981042396,1037.0051400254583,1.95,1.2669683754305399,2.63303162456946,10
0.5,4,10,4.67623339496461,3.8647644464329693,5.487702343496251,1.483748939673721,0.050904333547289626,2.9165935458001524,0.12145571083377674,-0.054658284214394365,0.29756970588194787,1679.8659258271405,270.8205690425907,3088.9112826116902,2651.338388687038,-578.7102438141142,5881.3870211881895,662.8345971717595,-144.67756095352854,1470.3467552970474,249.08523612089857,-145.1067991704681,643.2772714122652,2.3200000000000003,1.38133348998302,3.2586665100169805,10
0.5,5,10,4.612615783567884,3.846122905273414,5.379108661862355,1.5473665510704462,0.02442211576023312,3.070310986380659,0.06361761139672557,-0.03206794992851497,0.15930317272196612,1551.4741994640644,299.535302664106,2803.413096264023,2779.730115050114,-646.680634641923,6206.14086474215,555.9460230100228,-129.33612692838472,1241.2281729484303,128.39172636307606,-78.02848786296619,334.8119405891183,2.59,1.4225817530651654,3.7574182469348343,10
0.5,6,10,4.58741493139573,3.8428617609243387,5.331968101867122,1.5725674032426002,-0.0022792927975752164,3.1474140992827757,0.02520085217215401,-0.037566091578294686,0.0879677959226027,1499.9139550584482,316.9032296170212,2682.924680499875,2831.2903594557306,-702.1051341696943,6364.685853081155,471.88172657595504,-117.0175223616157,1060.7809755135258,51.560244405616096,-75.40347364960925,178.52396246084143,2.78,1.4473097313576282,4.112690268642371,10
1.0,0,10,6.805021893207882,4.776115647306845,8.833928139108918,0.0,0.0,0.0,,,,8515.905746033928,1725.9759674882898,15305.835524579566,0.0,0.0,0.0,,,,,,,0.0,0.0,0.0,10
1.0,1,10,5.864715905068618,4.403823649997966,7.32560816013927,0.940305988139265,0.32833211473197144,1.5522798615465585,0.940305988139265,0.32833211473197144,1.5522798615465585,6099.800906372519,1396.4859859668422,10803.115826778198,2416.1048396614074,270.38627933846783,4561.823399984347,2416.1048396614074,270.38627933846783,4561.823399984347,2416.1048396614074,270.38627933846783,4561.823399984347,1.47,1.24116031856602,1.69883968143398,10
1.0,2,10,5.262545764500978,4.207653461604209,6.317438067397748,1.5424761287069049,0.5223598818413713,2.5625923755724385,0.6021701405676398,0.16610456752371378,1.0382357136115659,4479.994062950359,1189.1832584602762,7770.804867440442,4035.9116830835674,515.5123722925409,7556.310993874594,2017.9558415417837,257.75618614627047,3778.155496937297,1619.80684342216,178.5127656895413,3061.100921154779,2.48,2.0228178446257705,2.9371821553742294,10
1.0,3,10,4.974149563250717,4.095552892669308,5.852746233832126,1.830872329957166,0.6242145911295125,3.03753006878482,0.2883962012502611,0.09402069563548379,0.48277170686503845,3694.28079389347,1026.7904796066573,6361.771108180283,4821.624952140456,669.3849004626463,8973.865003818266,1607.208317380152,223.12830015421537,2991.288334606089,785.7132690568885,147.15807877814757,1424.2684593356294,3.15,2.544641032451828,3.755358967548172,10
1.0,4,10,4.707547767314637,3.9929904934830973,5.422105041146176,2.0974741258932466,0.7106177183175677,3.4843305334689254,0.26660179593608013,0.07685641447995956,0.4563471773922007,2960.11859761106,901.4407940857095,5018.796401136411,5555.787148422866,783.5488638262841,10328.025433019448,1388.9467871057166,195.88721595657103,2582.006358254862,734.1621962824104,94.8250392246274,1373.4993533401935,3.69,2.8995387112165294,4.48046128878347,10
1.0,5,10,4.594743030539247,3.9329168250124074,5.2565692360660865,2.2102788626686363,0.7486971372306095,3.671860588106663,0.11280473677538994,0.02940812014113811,0.19620135340964176,2657.290895807563,813.512824678194,4501.068966936932,5858.614850226363,849.3893466836917,10867.840353769036,1171.7229700452729,169.87786933673874,2173.5680707538068,302.8277018034972,44.27984868662867,561.3755549203656,4.17,3.1885435338252304,5.1514564661747695,10
1.0,6,10,4.538071196437407,3.9168556928156235,5.159286700059191,2.2669506967704756,0.7549150479771738,3.7789863455637773,0.05667183410183939,0.001858892202872428,0.11148477600080635,2485.7475505786256,803.4042408590244,4168.090860298227,6030.1581954553,855.467776774608,11204.848614135994,1005.026365909217,142.57796279576826,1867.474769022666,171.54334522893757,-2.757767858756324,345.84445831663146,4.59,3.418691806855125,5.761308193144875,10
2.0,0,10,7.936882680152735,6.155938281096174,9.717827079209297,0.0,0.0,0.0,,,,19989.73258846862,10420.215505869537,29559.249671067708,0.0,0.0,0.0,,,,,,,0.0,0.0,0.0,10
2.0,1,10,6.68892328414829,5.491257481121009,7.886589087175571,1.247959396004445,0.6240194008574323,1.8718993911514579,1.247959396004445,0.6240194008574323,1.8718993911514579,14065.153673247629,7782.0451671812725,20348.262179313984,5924.578915220994,2424.0902313003835,9425.067599141603,5924.578915220994,2424.0902313003835,9425.067599141603,5924.578915220994,2424.0902313003835,9425.067599141603,2.55,2.318197869279439,2.7818021307205605,10
2.0,2,10,5.918605639671936,5.1357807379320874,6.701430541411785,2.0182770404807977,0.9910111140471825,3.0455429669144127,0.7703176444763533,0.33754309056476334,1.2030921983879432,10473.328324251492,6222.36966817968,14724.286980323304,9516.40426421713,4065.4535242919874,14967.355004142271,4758.202132108565,2032.7267621459937,7483.677502071136,3591.825348996136,1491.1624052214215,5692.488292770851,4.67,4.2263889872615055,5.113611012738494,10
2.0,3,10,5.466297732381403,4.863930565841719,6.068664898921086,2.4705849477713313,1.2505404155814588,3.6906294799612036,0.4523079072905336,0.24575278777660503,0.6588630268044622,8355.12167112024,5111.071687250308,11599.171654990172,11634.610917348384,5220.383881378243,18048.837953318525,3878.2036391161273,1740.1279604594138,6016.279317772841,2118.206653131253,1074.7334372304983,3161.6798690320074,6.35,5.706399611666124,6.993600388333875,10
2.0,4,10,5.134093718191866,4.669453909059564,5.598733527324168,2.802788961960868,1.4210451204220276,4.1845328034997085,0.3322040141895363,0.16052434433451426,0.5038836840445584,6785.593492224565,4299.875822731021,9271.31116171811,13204.139096244058,5984.276199619307,20424.00199286881,3301.0347740610146,1496.0690499048267,5106.000498217202,1569.528178895675,707.7718979616608,2431.2844598296892,7.82,6.947903287278496,8.692096712721504,10
2.0,5,10,4.93933174406885,4.553992019627638,5.324671468510062,2.9975509360838832,1.5069484059445293,4.488153466223237,0.1947619741230153,0.08144317259782295,0.3080807756482076,5912.862473406838,3870.976715226552,7954.748231587124,14076.870115061782,6362.967095990018,21790.773134133546,2815.3740230123576,1272.593419198005,4358.15462682671,872.7310188177269,338.32775795040163,1407.1342796850522,9.030000000000001,7.916629456751696,10.143370543248306,10
2.0,6,10,4.844635722732571,4.49168736341986,5.197584082045282,3.0922469574201625,1.5620896269670794,4.622404287873246,0.09469602133627944,0.04191563217058467,0.14747641050197421,5469.601394900729,3659.970687780924,7279.2321020205345,14520.131193567891,6584.751414482829,22455.510972652955,2420.021865594649,1097.458569080472,3742.5851621088264,443.26107850610896,167.14754515515165,719.3746118570663,9.99,8.591258227311592,11.388741772688409,10
4.0,0,10,9.892970714235542,6.358937705218699,13.427003723252385,0.0,0.0,0.0,,,,60391.81385112328,13656.946563970596,107126.68113827598,0.0,0.0,0.0,,,,,,,0.0,0.0,0.0,10
4.0,1,10,7.451799989455617,5.743582832728542,9.160017146182692,2.4411707247799255,0.5720777505435366,4.310263699016314,2.4411707247799255,0.5720777505435366,4.310263699016314,35796.86059764571,13165.296642580459,58428.42455271096,24594.953253477583,264.9741106423862,48924.93239631278,24594.953253477583,264.9741106423862,48924.93239631278,24594.953253477583,264.9741106423862,48924.93239631278,4.6899999999999995,4.32766233117557,5.052337668824429,10
4.0,2,10,6.21309535542767,5.223420659123146,7.202770051732195,3.679875358807871,1.0943172461095436,6.265433471506198,1.2387046340279457,0.5095748965259672,1.9678343715299242,23862.69518337355,10930.95366261315,36794.43670413395,36529.118667749746,2492.0683363560747,70566.16899914341,18264.559333874873,1246.0341681780374,35283.084499571705,11934.165414272164,2165.4010610489113,21702.929767495414,8.739999999999998,8.200233309973271,9.279766690026726,10
4.0,3,10,5.499230294010259,4.936567257348358,6.061893330672159,4.393740420225283,1.3813077592871843,7.406173081163383,0.7138650614174115,0.2766932431520103,1.1510368796828125,17141.2446610047,9751.610395135316,24530.878926874087,43250.56919011859,3695.6825393569598,82805.45584088023,14416.856396706196,1231.894179785655,27601.81861362674,6721.450522368849,1134.2815562168325,12308.619488520866,12.129999999999999,11.463996274761977,12.796003725238021,10
4.0,4,10,5.091969902080607,4.742116073985882,5.441823730175333,4.801000812154935,1.5684668146239122,8.033534809685957,0.4072603919296526,0.17499711178943642,0.6395236720698687,13351.675174916643,8857.63627375165,17845.714076081636,47040.138676206654,4511.574324070418,89568.70302834289,11760.034669051664,1127.8935810176044,22392.175757085723,3789.569486088059,765.9476238835591,6813.191348292559,14.73,13.873527925916118,15.586472074083883,10
4.0,5,10,4.850940592657772,4.602275558147081,5.099605627168463,5.04203012157777,1.6926639278199915,8.391396315335548,0.2410293094228348,0.12061092580705768,0.3614476930386119,11080.119601317889,8112.768079068203,14047.471123567575,49311.694249805405,5163.067613193343,93460.32088641747,9862.33884996108,1032.6135226386687,18692.06417728349,2271.5555735987514,632.5326264884131,3910.5785207090894,16.96,15.825808951128588,18.094191048871416,10
4.0,6,10,4.713728143278082,4.522412439310779,4.905043847245386,5.17924257095746,1.7802875460088186,8.578197595906103,0.13721244937969013,0.07339549947437998,0.20102939928500027,9833.04748260056,7556.70731228462,12109.387652916499,50558.76636852273,5780.008924973918,95337.52381207154,8426.461061420456,963.3348208289881,15889.587302011923,1247.0721187173317,529.4813346027217,1964.6629028319417,18.509999999999998,17.2020070698731,19.817992930126895,10
5.0,0,10,12.34185796974294,6.8252372039671325,17.858478735518744,0.0,0.0,0.0,,,,106269.60661670566,21976.174639876146,190563.03859353517,0.0,0.0,0.0,,,,,,,0.0,0.0,0.0,10
5.0,1,10,8.009899512937393,5.425379427097138,10.594419598777648,4.3319584568055465,1.3726197432826037,7.291297170328489,4.3319584568055465,1.3726197432826037,7.291297170328489,52188.92678118546,11910.37262942412,92467.4809329468,54080.679835520205,9838.974962505083,98322.38470853533,54080.679835520205,9838.974962505083,98322.38470853533,54080.679835520205,9838.974962505083,98322.38470853533,5.88,5.389228318487802,6.370771681512198,10
5.0,2,10,6.349956404146676,5.130640924249883,7.569271884043468,5.991901565596265,1.6666638223085046,10.317139308884027,1.6599431087907182,0.2802999047653474,3.039586312816089,31282.713241338985,12291.228268747756,50274.19821393021,74986.89337536668,9483.314013041876,140490.47273769148,37493.44668768334,4741.657006520938,70245.23636884574,20906.213539846474,-485.65975767448253,42298.08683736743,10.73,10.050473692830996,11.409526307169005,10
5.0,3,10,5.577366060947805,4.903951080196731,6.250781041698878,6.764491908795135,1.882961075754178,11.646022741836092,0.7725903431988699,0.21074569344172422,1.3344349929560155,22064.973612818947,11575.008685875755,32554.938539762137,84204.63300388673,10130.861032816087,158278.40497495738,28068.211001295578,3376.9536776053646,52759.46832498579,9217.739628520038,587.5211128981191,17847.958144141958,14.86,13.951249548714221,15.768750451285777,10
5.0,4,10,5.1179991237014875,4.720187976960897,5.515810270442078,7.223858846041454,2.0623867863213663,12.385330905761542,0.4593669372463184,0.1704804128892098,0.748253461603427,16765.832042787264,10522.194118980495,23009.469966594035,89503.77457391842,11084.140331415663,167923.40881642117,22375.943643479604,2771.035082853916,41980.85220410529,5299.141570031683,896.674142105855,9701.608997957512,18.259999999999998,17.146552854835935,19.37344714516406,10
5.0,5,10,4.858512252224348,4.5872271060697525,5.129797398378944,7.483345717518593,2.1685910527857564,12.79810038225143,0.2594868714771391,0.10324554387006488,0.4157281990842133,13774.117637623916,9687.934032325209,17860.301242922626,92495.48897908175,11685.402072814162,173305.57588534936,18499.09779581635,2337.080414562828,34661.11517706987,2991.7144051633463,586.4269835369037,5397.0018267897885,20.98,19.484464876787573,22.475535123212428,10
5.0,6,10,4.725203628159126,4.5271690410378245,4.923238215280428,7.616654341583813,2.22242798453769,13.010880698629936,0.13330862406522143,0.043098499513538405,0.22351874861690446,12208.342771710055,9304.42472207125,15112.26082134886,94061.26384499561,12025.937261588202,176096.59042840303,15676.877307499273,2004.32287693137,29349.43173806718,1565.7748659138633,263.5171480655372,2868.0325837621895,22.97,21.122941019088323,24.817058980911675,10
6.0,0,10,16.96871384960979,10.83046876744725,23.106958931772333,0.0,0.0,0.0,,,,186776.9639664532,80246.80817795028,293307.1197549561,0.0,0.0,0.0,,,,,,,0.0,0.0,0.0,10
6.0,1,10,9.111948648785484,5.864627074994755,12.359270222576214,7.856765200824308,4.8528674300115915,10.860662971637023,7.856765200824308,4.8528674300115915,10.860662971637023,76717.06616304143,19850.4036582619,133583.72866782095,110059.89780341178,59180.84795095767,160938.94765586586,110059.89780341178,59180.84795095767,160938.94765586586,110059.89780341178,59180.84795095767,160938.94765586586,7.2299999999999995,6.70643562853828,7.753564371461719,10
6.0,2,10,6.533766251317644,5.0259164939093335,8.041616008725955,10.434947598292148,5.724869415560153,15.145025781024142,2.578182397467839,0.807501674000312,4.348863120935366,39476.170511710814,12946.364248206435,66005.9767752152,147300.7934547424,66508.04100844805,228093.54590103676,73650.3967273712,33254.02050422403,114046.77295051838,37240.89565133063,6586.211192355044,67895.58011030623,12.7,11.880889443464227,13.519110556535772,10
6.0,3,10,5.546632233993938,4.839738810156183,6.253525657831693,11.422081615615854,5.9427221678016044,16.901441063430102,0.9871340173237073,0.17057445937887905,1.8036935752685355,25202.8174662374,12806.361047922766,37599.273884552036,161574.1465002158,67042.35978102894,256105.93321940268,53858.04883340527,22347.453260342983,85368.64440646756,14273.35304547341,-14.187940312544015,28560.894031259362,17.5,16.49114666288533,18.50885333711467,10
6.0,4,10,5.07360738272569,4.68239595476389,5.464818810687491,11.8951064668841,6.088021724598463,17.702191209169737,0.4730248512682465,0.13501357468788233,0.8110361278486107,18731.522830194495,12017.60524546413,25445.44041492486,168045.4411362587,67737.78085760001,268353.1014149174,42011.36028406468,16934.445214400002,67088.27535372935,6471.2946360429,547.5795608524904,12395.00971123331,21.280000000000005,20.000419533072485,22.559580466927525,10
6.0,5,10,4.848995018900192,4.5709955935190685,5.126994444281316,12.119718830709601,6.189480098111527,18.049957563307675,0.22461236382550015,0.09657491723004061,0.35264981042095966,15804.575442985875,11133.457223217622,20475.69366275413,170972.38852346732,68558.1448308796,273386.63221605506,34194.47770469347,13711.628966175922,54677.326443211015,2926.9473872086196,784.2126855564939,5069.682088860745,24.240000000000002,22.611805495916876,25.868194504083128,10
6.0,6,10,4.717612378734083,4.510328061508446,4.9248966959597205,12.251101470875708,6.230031342084238,18.27217159966718,0.13138264016610804,0.030064652045532297,0.23270062828668378,14036.150010243795,10736.155086443334,17336.144934044256,172740.8139562094,68784.42014176496,276697.2077706538,28790.135659368232,11464.070023627493,46116.20129510897,1768.4254327420833,125.45872793304875,3411.392137551118,26.68,24.526312325692004,28.833687674307996,10
8.0,0,10,28.603053561486995,20.916948122967415,36.28915900000658,0.0,0.0,0.0,,,,432994.592722257,258529.9254254949,607459.2600190191,0.0,0.0,0.0,,,,,,,0.0,0.0,0.0,10
8.0,1,10,14.179462885843634,9.355669559616757,19.00325621207051,14.423590675643359,11.45343980938543,17.39374154190129,14.423590675643359,11.45343980938543,17.39374154190129,189554.1038495958,80592.50406791965,298515.70363127196,243440.48887266126,176961.73710782698,309919.24063749553,243440.48887266126,176961.73710782698,309919.24063749553,243440.48887266126,176961.73710782698,309919.24063749553,9.73,9.215196997860158,10.244803002139843,10
8.0,2,10,7.92904139611192,5.321906037349166,10.536176754874674,20.67401216537507,15.453174084902155,25.894850245847987,6.250421489731714,3.9560348083399894,8.544808171123439,77565.74170939322,18547.992831196832,136583.4905875896,355428.85101286386,238264.52541928575,472593.17660644196,177714.42550643193,119132.26270964288,236296.58830322098,111988.36214020257,61001.27668603117,162975.44759437398,17.020000000000003,16.00004832568603,18.039951674313976,10
8.0,3,10,5.824376786768424,4.712215671913157,6.936537901623691,22.77867677471857,16.10311725932116,29.45423629011598,2.1046646093434953,0.5823252267242374,3.627003991962753,38128.44178057026,12440.980664664814,63815.90289647571,394866.1509416868,244806.36772253466,544925.934160839,131622.05031389557,81602.12257417818,181641.97805361295,39437.299928822955,5776.395063846932,73098.20479379897,22.880000000000003,21.574465480454354,24.18553451954565,10
8.0,4,10,5.102182205218652,4.658263108396133,5.546101302041171,23.50087135626834,16.178782706938662,30.82296000559802,0.7221945815497721,0.02085711426655046,1.423532048832994,24638.35016949794,14657.663540601532,34619.03679839434,408356.2425527592,243089.74725322163,573622.7378522968,102089.0606381898,60772.43681330541,143405.6844630742,13490.091611072328,-2535.08289035059,29515.266112495246,27.85,26.251035512561877,29.448964487438126,10
8.0,5,10,4.808225609082027,4.571039878832977,5.045411339331077,23.79482795240496,16.257638794329047,31.332017110480876,0.2939565961366256,0.058582222685869184,0.529330969587382,19427.07780773561,14419.994483981474,24434.16113148975,413567.5149145214,243356.1643241765,583778.8655048663,82713.50298290429,48671.2328648353,116755.77310097328,5211.272361762329,-15.669653447580458,10438.214376972239,31.840000000000003,29.980010903865306,33.6999890961347,10
8.0,6,10,4.6910455076353825,4.5099546792379375,4.872136336032828,23.912008053851608,16.29537962366803,31.528636484035186,0.117180101446644,0.03183960421379908,0.2025205986794889,17469.11996010644,13977.213867072627,20961.026053140253,415525.4727621506,243640.24279697196,587410.7027273292,69254.24546035842,40606.70713282865,97901.78378788818,1957.9578476291688,226.50784445374074,3689.407850804597,34.809999999999995,32.507125983524105,37.112874016475885,10
10.0,0,10,24.415532277763084,16.538644089133218,32.29242046639295,0.0,0.0,0.0,,,,443096.36513395107,253211.19379216328,632981.5364757389,0.0,0.0,0.0,,,,,,,0.0,0.0,0.0,10
10.0,1,10,11.562273880034603,7.039078324810843,16.08546943525836,12.853258397728478,9.370428419321053,16.336088376135905,12.853258397728478,9.370428419321053,16.336088376135905,173614.15982870903,62865.29976536636,284363.0198920517,269482.20530524204,187832.73265141246,351131.6779590716,269482.20530524204,187832.73265141246,351131.6779590716,269482.20530524204,187832.73265141246,351131.6779590716,10.419999999999998,10.107636585758298,10.732363414241698,10
10.0,2,10,6.698780879440141,4.675792747044764,8.72176901183552,17.71675139832294,11.75942780492931,23.674074991716573,4.863493000594461,2.3330463777149895,7.393939623473933,66386.49632145555,15098.794915372026,117674.19772753907,376709.8688124955,235920.52704332265,517499.2105816683,188354.93440624775,117960.26352166133,258749.60529083415,107227.66350725348,47099.90856410823,167355.41845039875,19.04,18.399987624856177,19.68001237514382,10
10.0,3,10,5.264330674417484,4.4956987110184015,6.032962637816566,19.151201603345594,11.983241113238625,26.31916209345256,1.4344502050226589,0.16121370495623855,2.7076867050890794,34300.485747910236,14558.089156351325,54042.88233946914,408795.8793860409,237565.27983710938,580026.4789349724,136265.2931286803,79188.42661236977,193342.1596449908,32086.010573545325,267.8684355985897,63904.15271149206,25.889999999999997,24.879766773797602,26.900233226202392,10
10.0,4,10,4.759385321088116,4.5188275406164555,4.999943101559777,19.656146956674963,11.94868838863314,27.363605524716785,0.5049453533293675,-0.08476970271074613,1.0946604093694812,23086.642146583163,17503.206856008284,28670.07743715804,420009.72298736795,234922.833823052,605096.6121516839,105002.43074684199,58730.708455763,151274.15303792097,11213.84360132707,-3775.3983557226256,26203.085558376762,31.18,29.89465582763728,32.46534417236272,10
10.0,5,10,4.601750833071843,4.435417273533762,4.768084392609923,19.813781444691237,12.01261341616253,27.614949473219944,0.15763448801627214,0.060146578152526095,0.25512239788001817,19904.460728072147,16368.842765479636,23440.078690664657,423191.904405879,235803.7883287333,610580.0204830247,84638.38088117578,47160.75766574664,122116.00409660491,3182.181418511015,821.5975589551335,5542.765278066897,35.14,33.49547414935749,36.78452585064251,10
10.0,6,10,4.51611368785677,4.382711058253837,4.649516317459702,19.89941858990631,12.040639036065537,27.758198143747087,0.08563714521507425,0.02084401192062202,0.15043027850952648,18205.994146877158,15695.572798746927,20716.415495007386,424890.37098707387,236164.1957926878,613616.5461814599,70815.06183117899,39360.6992987813,102269.42436357668,1698.4665811949912,244.0308455529066,3152.902316837076,38.09,36.03171321005226,40.14828678994775,10
11.0,0,10,24.92444923067087,16.473620717022378,33.37527774431936,0.0,0.0,0.0,,,,510006.61761518207,284908.87023454433,735104.3649958197,0.0,0.0,0.0,,,,,,,0.0,0.0,0.0,10
11.0,1,10,12.219643778721801,7.136106578503818,17.303180978939785,12.704805451949067,9.139715502084169,16.269895401813965,12.704805451949067,9.139715502084169,16.269895401813965,211599.03515831567,73942.51009250758,349255.56022412376,298407.5824568664,206444.27760861197,390370.8873051208,298407.5824568664,206444.27760861197,390370.8873051208,298407.5824568664,206444.27760861197,390370.8873051208,10.879999999999999,10.513993193008147,11.24600680699185,10
11.0,2,10,6.9460511981276865,4.729057065165165,9.163045331090208,17.978398032543183,11.627162475372645,24.329633589713723,5.273592580594115,2.380567684325307,8.166617476862923,81633.25062046535,19106.353349145764,144160.14789178493,428373.3669947168,262996.19274215476,593750.5412472789,214186.6834973584,131498.09637107738,296875.27062363946,129965.78453785033,54214.417175844734,205717.15189985593,19.9,19.208077321710185,20.591922678289812,10
11.0,3,10,5.210302267694352,4.4226422932014335,5.99796224218727,19.714146962976518,11.963143234808136,27.4651506911449,1.7357489304333353,0.28194769022772226,3.1895501706389484,37811.23259998813,14621.809691443887,61000.65550853237,472195.38501519396,268304.6473608179,676086.12266957,157398.46167173132,89434.88245360597,225362.04088985667,43822.01802047723,3977.454017068798,83666.58202388567,27.18,26.099940043953055,28.260059956046945,10
11.0,4,10,4.666258712682291,4.485046652759736,4.847470772604846,20.258190517988577,11.932344596323876,28.58403643965328,0.5440435550120613,-0.10193231085016508,1.1900194208742876,24142.49764638024,18921.349412585572,29363.64588017491,485864.11996880185,265285.3012340216,706442.9387035822,121466.02999220046,66321.3253085054,176610.73467589554,13668.73495360788,-4858.836004421999,32196.30591163776,32.629999999999995,31.229389554268078,34.03061044573192,10
11.0,5,10,4.51535456690056,4.400122117617287,4.630587016183832,20.40909466377031,11.988769998032891,28.82941932950773,0.150904145781732,0.04616292689697721,0.2556453646664868,20693.924169924594,17898.644827321597,23489.20351252759,489312.6934452575,266068.2633893595,712557.1235011555,97862.5386890515,53213.65267787189,142511.4247002311,3448.573476455651,532.4428333181795,6364.704119593122,36.739999999999995,34.8086246715658,38.67137532843419,10
11.0,6,10,4.452527446278337,4.347111367112576,4.557943525444098,20.471921784392528,12.033583216321603,28.910260352463453,0.06282712062222162,0.038864594779219774,0.08678964646522347,19339.356387768392,17029.59861222406,21649.114163312723,490667.2612274137,266882.5538211212,714451.9686337062,81777.87687123561,44480.42563685352,119075.3281056177,1354.567782156199,712.1546309585166,1996.9809333538815,39.88,37.613122367369336,42.14687763263067,10
12.0,0,10,31.59200428614409,23.76746490874613,39.41654366354205,0.0,0.0,0.0,,,,724881.783956526,486971.7868956999,962791.781017352,0.0,0.0,0.0,,,,,,,0.0,0.0,0.0,10
12.0,1,10,16.1303443039485,11.047062866141443,21.213625741755557,15.461659982195581,12.647569329623396,18.275750634767768,15.461659982195581,12.647569329623396,18.275750634767768,334765.5203486912,180055.61540273874,489475.4252946437,390116.2636078348,304858.97429316054,475373.5529225091,390116.2636078348,304858.97429316054,475373.5529225091,390116.2636078348,304858.97429316054,475373.5529225091,11.36,10.97080376560879,11.749196234391208,10
12.0,2,10,8.68457864227962,5.9092876801013325,11.459869604457907,22.907425643864464,17.733273000409,28.081578287319928,7.445765661668881,5.0578788393131315,9.83365248402463,137890.26612484068,51646.423334930776,224134.10891475057,586991.5178316853,432061.81528399594,741921.2203793746,293495.7589158426,216030.90764199797,370960.6101896873,196875.2542238505,126515.66214323473,267234.84630446625,20.85,20.13603542076055,21.563964579239453,10
12.0,3,10,5.69614264939263,4.4541989490255895,6.938086349759671,25.895861636751455,19.189750336558284,32.60197293694463,2.9884359928869904,1.4205693793768381,4.556302606397143,55441.4385907987,15857.81550896701,95025.0616726304,669440.3453657273,467936.49439072947,870944.1963407252,223146.78178857578,155978.83146357647,290314.7321135751,82448.82753404198,34924.64905172001,129973.00601636394,28.660000000000004,27.710253132067894,29.609746867932113,10
12.0,4,10,4.805538739110034,4.39977208339089,5.211305394829178,26.786465547034048,19.31296386553681,34.25996722853129,0.8906039102825968,0.042674306068931855,1.7385335144962617,30636.30088617567,17051.494127536957,44221.10764481439,694245.4830703504,468760.1758743173,919730.7902663834,173561.3707675876,117190.04396857932,229932.69756659586,24805.137704623026,-1356.1837037595142,50966.45911300556,34.87,33.39504191859116,36.34495808140883,10
12.0,5,10,4.53056081818761,4.407981265777883,4.653140370597336,27.061443467956472,19.296494212828552,34.82639272308439,0.27497792092242357,-0.05721468004431074,0.6071705218891579,23018.750354099968,19357.3760583656,26680.124649834335,701863.0336024261,466950.92902465456,936775.1381801976,140372.6067204852,93390.18580493086,187355.02763603954,7617.5505320757,-2981.4435524006494,18216.544616552048,39.17,37.22400421863054,41.11599578136946,10
12.0,6,10,4.45579034497049,4.348515931241649,4.563064758699331,27.136213941173594,19.312731129987863,34.95969675235933,0.07477047321711985,0.012361480416424264,0.13717946601781544,21128.527858495003,18631.52235486263,23625.533362127375,703753.2560980311,467079.0150364081,940427.497159654,117292.20934967182,77846.50250606798,156737.91619327565,1890.2224956049643,12.575792581683118,3767.8691986282456,42.71,40.3130027850905,45.106997214909505,10
